,date,cnt,day_of_week,date_fix,month
0,1,68,3,2013-01-02,2013-01-01
1,2,36,4,2013-01-03,2013-01-01
2,3,5565,5,2013-01-04,2013-01-01
3,4,4966,6,2013-01-05,2013-01-01
4,5,3346,7,2013-01-06,2013-01-01
5,6,3396,1,2013-01-07,2013-01-01
6,7,4146,2,2013-01-08,2013-01-01
7,8,3096,3,2013-01-09,2013-01-01
8,9,2713,4,2013-01-10,2013-01-01
9,10,2409,5,2013-01-11,2013-01-01
10,11,275,6,2013-01-12,2013-01-01
11,-1,0,7,2013-01-13,2013-01-01
12,12,2735,1,2013-01-14,2013-01-01
13,13,2386,2,2013-01-15,2013-01-01
14,14,1901,3,2013-01-16,2013-01-01
15,15,6072,4,2013-01-17,2013-01-01
16,16,2716,5,2013-01-18,2013-01-01
17,17,216,6,2013-01-19,2013-01-01
18,18,22,7,2013-01-20,2013-01-01
19,19,3903,1,2013-01-21,2013-01-01
20,20,2700,2,2013-01-22,2013-01-01
21,21,2700,3,2013-01-23,2013-01-01
22,22,2073,4,2013-01-24,2013-01-01
23,23,1702,5,2013-01-25,2013-01-01
24,24,231,6,2013-01-26,2013-01-01
25,-1,0,7,2013-01-27,2013-01-01
26,25,3377,1,2013-01-28,2013-01-01
27,26,3016,2,2013-01-29,2013-01-01
28,27,2586,3,2013-01-30,2013-01-01
29,28,1652,4,2013-01-31,2013-01-01
30,29,2726,5,2013-02-01,2013-02-01
31,30,279,6,2013-02-02,2013-02-01
32,31,23,7,2013-02-03,2013-02-01
33,32,4094,1,2013-02-04,2013-02-01
34,33,4059,2,2013-02-05,2013-02-01
35,34,3741,3,2013-02-06,2013-02-01
36,35,2567,4,2013-02-07,2013-02-01
37,36,761,5,2013-02-08,2013-02-01
38,-1,0,6,2013-02-09,2013-02-01
39,-1,0,7,2013-02-10,2013-02-01
40,-1,0,1,2013-02-11,2013-02-01
41,-1,0,2,2013-02-12,2013-02-01
42,-1,0,3,2013-02-13,2013-02-01
43,37,19,4,2013-02-14,2013-02-01
44,38,13,5,2013-02-15,2013-02-01
45,39,2847,6,2013-02-16,2013-02-01
46,40,2936,7,2013-02-17,2013-02-01
47,41,2377,1,2013-02-18,2013-02-01
48,42,1740,2,2013-02-19,2013-02-01
49,43,2563,3,2013-02-20,2013-02-01
50,44,1896,4,2013-02-21,2013-02-01
51,45,1552,5,2013-02-22,2013-02-01
52,46,186,6,2013-02-23,2013-02-01
53,-1,0,7,2013-02-24,2013-02-01
54,47,1874,1,2013-02-25,2013-02-01
55,48,1844,2,2013-02-26,2013-02-01
56,49,1919,3,2013-02-27,2013-02-01
57,50,1191,4,2013-02-28,2013-02-01
58,51,1816,5,2013-03-01,2013-03-01
59,52,87,6,2013-03-02,2013-03-01
60,-1,0,7,2013-03-03,2013-03-01
61,53,1843,1,2013-03-04,2013-03-01
62,54,1900,2,2013-03-05,2013-03-01
63,55,1615,3,2013-03-06,2013-03-01
64,56,1461,4,2013-03-07,2013-03-01
65,57,1514,5,2013-03-08,2013-03-01
66,58,180,6,2013-03-09,2013-03-01
67,59,41,7,2013-03-10,2013-03-01
68,60,1933,1,2013-03-11,2013-03-01
69,61,1812,2,2013-03-12,2013-03-01
70,62,1763,3,2013-03-13,2013-03-01
71,63,1386,4,2013-03-14,2013-03-01
72,64,1345,5,2013-03-15,2013-03-01
73,65,113,6,2013-03-16,2013-03-01
74,-1,0,7,2013-03-17,2013-03-01
75,66,1797,1,2013-03-18,2013-03-01
76,67,1889,2,2013-03-19,2013-03-01
77,68,1445,3,2013-03-20,2013-03-01
78,69,1452,4,2013-03-21,2013-03-01
79,70,1559,5,2013-03-22,2013-03-01
80,71,198,6,2013-03-23,2013-03-01
81,-1,0,7,2013-03-24,2013-03-01
82,72,1739,1,2013-03-25,2013-03-01
83,73,1794,2,2013-03-26,2013-03-01
84,74,1464,3,2013-03-27,2013-03-01
85,75,1279,4,2013-03-28,2013-03-01
86,76,1601,5,2013-03-29,2013-03-01
87,77,171,6,2013-03-30,2013-03-01
88,78,22,7,2013-03-31,2013-03-01
89,79,744,1,2013-04-01,2013-04-01
90,80,2424,2,2013-04-02,2013-04-01
91,81,1959,3,2013-04-03,2013-04-01
92,82,60,4,2013-04-04,2013-04-01
93,83,51,5,2013-04-05,2013-04-01
94,84,30,6,2013-04-06,2013-04-01
95,85,1929,7,2013-04-07,2013-04-01
96,86,1745,1,2013-04-08,2013-04-01
97,87,2143,2,2013-04-09,2013-04-01
98,88,1709,3,2013-04-10,2013-04-01
99,89,1294,4,2013-04-11,2013-04-01
100,90,1527,5,2013-04-12,2013-04-01
101,91,198,6,2013-04-13,2013-04-01
102,-1,0,7,2013-04-14,2013-04-01
103,92,2164,1,2013-04-15,2013-04-01
104,93,1631,2,2013-04-16,2013-04-01
105,94,1859,3,2013-04-17,2013-04-01
106,95,1447,4,2013-04-18,2013-04-01
107,96,1514,5,2013-04-19,2013-04-01
108,97,137,6,2013-04-20,2013-04-01
109,98,36,7,2013-04-21,2013-04-01
110,99,2104,1,2013-04-22,2013-04-01
111,100,1584,2,2013-04-23,2013-04-01
112,101,1449,3,2013-04-24,2013-04-01
113,102,1102,4,2013-04-25,2013-04-01
114,103,1774,5,2013-04-26,2013-04-01
115,104,1462,6,2013-04-27,2013-04-01
116,105,1626,7,2013-04-28,2013-04-01
117,106,73,1,2013-04-29,2013-04-01
118,-1,0,2,2013-04-30,2013-04-01
119,-1,0,3,2013-05-01,2013-05-01
120,107,2484,4,2013-05-02,2013-05-01
121,108,1723,5,2013-05-03,2013-05-01
122,109,104,6,2013-05-04,2013-05-01
123,-1,0,7,2013-05-05,2013-05-01
124,110,2427,1,2013-05-06,2013-05-01
125,111,2587,2,2013-05-07,2013-05-01
126,112,2220,3,2013-05-08,2013-05-01
127,113,1142,4,2013-05-09,2013-05-01
128,114,1934,5,2013-05-10,2013-05-01
129,115,121,6,2013-05-11,2013-05-01
130,116,23,7,2013-05-12,2013-05-01
131,117,2509,1,2013-05-13,2013-05-01
132,118,2284,2,2013-05-14,2013-05-01
133,119,2068,3,2013-05-15,2013-05-01
134,120,1088,4,2013-05-16,2013-05-01
135,121,2030,5,2013-05-17,2013-05-01
136,122,38,6,2013-05-18,2013-05-01
137,-1,0,7,2013-05-19,2013-05-01
138,123,1940,1,2013-05-20,2013-05-01
139,124,2342,2,2013-05-21,2013-05-01
140,125,5581,3,2013-05-22,2013-05-01
141,126,2333,4,2013-05-23,2013-05-01
142,127,1931,5,2013-05-24,2013-05-01
143,128,140,6,2013-05-25,2013-05-01
144,-1,0,7,2013-05-26,2013-05-01
145,129,1794,1,2013-05-27,2013-05-01
146,130,2055,2,2013-05-28,2013-05-01
147,131,1658,3,2013-05-29,2013-05-01
148,132,1497,4,2013-05-30,2013-05-01
149,133,1161,5,2013-05-31,2013-05-01
150,134,113,6,2013-06-01,2013-06-01
151,135,14,7,2013-06-02,2013-06-01
152,136,2374,1,2013-06-03,2013-06-01
153,137,1885,2,2013-06-04,2013-06-01
154,138,1606,3,2013-06-05,2013-06-01
155,139,1690,4,2013-06-06,2013-06-01
156,140,1354,5,2013-06-07,2013-06-01
157,141,1266,6,2013-06-08,2013-06-01
158,142,1309,7,2013-06-09,2013-06-01
159,143,89,1,2013-06-10,2013-06-01
160,-1,0,2,2013-06-11,2013-06-01
161,-1,0,3,2013-06-12,2013-06-01
162,144,2265,4,2013-06-13,2013-06-01
163,145,1721,5,2013-06-14,2013-06-01
164,146,150,6,2013-06-15,2013-06-01
165,147,26,7,2013-06-16,2013-06-01
166,148,1612,1,2013-06-17,2013-06-01
167,149,2178,2,2013-06-18,2013-06-01
168,150,1539,3,2013-06-19,2013-06-01
169,151,1067,4,2013-06-20,2013-06-01
170,152,1325,5,2013-06-21,2013-06-01
171,153,85,6,2013-06-22,2013-06-01
172,154,36,7,2013-06-23,2013-06-01
173,155,1778,1,2013-06-24,2013-06-01
174,156,2336,2,2013-06-25,2013-06-01
175,157,1487,3,2013-06-26,2013-06-01
176,158,1025,4,2013-06-27,2013-06-01
177,159,1659,5,2013-06-28,2013-06-01
178,160,183,6,2013-06-29,2013-06-01
179,-1,0,7,2013-06-30,2013-06-01
180,161,1819,1,2013-07-01,2013-07-01
181,162,1781,2,2013-07-02,2013-07-01
182,163,1924,3,2013-07-03,2013-07-01
183,164,1256,4,2013-07-04,2013-07-01
184,165,1526,5,2013-07-05,2013-07-01
185,166,108,6,2013-07-06,2013-07-01
186,167,14,7,2013-07-07,2013-07-01
187,168,1804,1,2013-07-08,2013-07-01
188,169,1615,2,2013-07-09,2013-07-01
189,170,1558,3,2013-07-10,2013-07-01
190,171,810,4,2013-07-11,2013-07-01
191,172,1603,5,2013-07-12,2013-07-01
192,173,94,6,2013-07-13,2013-07-01
193,174,23,7,2013-07-14,2013-07-01
194,175,2141,1,2013-07-15,2013-07-01
195,176,1759,2,2013-07-16,2013-07-01
196,177,1506,3,2013-07-17,2013-07-01
197,178,1271,4,2013-07-18,2013-07-01
198,179,1633,5,2013-07-19,2013-07-01
199,180,154,6,2013-07-20,2013-07-01
200,181,14,7,2013-07-21,2013-07-01
201,182,2028,1,2013-07-22,2013-07-01
202,183,2033,2,2013-07-23,2013-07-01
203,184,1346,3,2013-07-24,2013-07-01
204,185,1031,4,2013-07-25,2013-07-01
205,186,1290,5,2013-07-26,2013-07-01
206,187,42,6,2013-07-27,2013-07-01
207,-1,0,7,2013-07-28,2013-07-01
208,188,1961,1,2013-07-29,2013-07-01
209,189,1751,2,2013-07-30,2013-07-01
210,190,1505,3,2013-07-31,2013-07-01
211,191,1477,4,2013-08-01,2013-08-01
212,192,1892,5,2013-08-02,2013-08-01
213,193,81,6,2013-08-03,2013-08-01
214,-1,0,7,2013-08-04,2013-08-01
215,194,2100,1,2013-08-05,2013-08-01
216,195,1905,2,2013-08-06,2013-08-01
217,196,1682,3,2013-08-07,2013-08-01
218,197,1370,4,2013-08-08,2013-08-01
219,198,985,5,2013-08-09,2013-08-01
220,199,27,6,2013-08-10,2013-08-01
221,-1,0,7,2013-08-11,2013-08-01
222,200,1804,1,2013-08-12,2013-08-01
223,201,1760,2,2013-08-13,2013-08-01
224,202,1951,3,2013-08-14,2013-08-01
225,203,1058,4,2013-08-15,2013-08-01
226,204,1150,5,2013-08-16,2013-08-01
227,205,363,6,2013-08-17,2013-08-01
228,-1,0,7,2013-08-18,2013-08-01
229,206,2765,1,2013-08-19,2013-08-01
230,207,2281,2,2013-08-20,2013-08-01
231,208,1064,3,2013-08-21,2013-08-01
232,209,1438,4,2013-08-22,2013-08-01
233,210,1698,5,2013-08-23,2013-08-01
234,211,122,6,2013-08-24,2013-08-01
235,212,14,7,2013-08-25,2013-08-01
236,213,2106,1,2013-08-26,2013-08-01
237,214,1811,2,2013-08-27,2013-08-01
238,215,1751,3,2013-08-28,2013-08-01
239,216,1433,4,2013-08-29,2013-08-01
240,217,1034,5,2013-08-30,2013-08-01
241,218,73,6,2013-08-31,2013-08-01
242,219,26,7,2013-09-01,2013-09-01
243,220,1775,1,2013-09-02,2013-09-01
244,221,2032,2,2013-09-03,2013-09-01
245,222,1607,3,2013-09-04,2013-09-01
246,223,861,4,2013-09-05,2013-09-01
247,224,1534,5,2013-09-06,2013-09-01
248,225,371,6,2013-09-07,2013-09-01
249,-1,0,7,2013-09-08,2013-09-01
250,226,1794,1,2013-09-09,2013-09-01
251,227,1965,2,2013-09-10,2013-09-01
252,228,1408,3,2013-09-11,2013-09-01
253,229,1762,4,2013-09-12,2013-09-01
254,230,1329,5,2013-09-13,2013-09-01
255,231,188,6,2013-09-14,2013-09-01
256,-1,0,7,2013-09-15,2013-09-01
257,232,2288,1,2013-09-16,2013-09-01
258,233,1900,2,2013-09-17,2013-09-01
259,234,2101,3,2013-09-18,2013-09-01
260,235,48,4,2013-09-19,2013-09-01
261,236,13,5,2013-09-20,2013-09-01
262,-1,0,6,2013-09-21,2013-09-01
263,237,2933,7,2013-09-22,2013-09-01
264,238,2330,1,2013-09-23,2013-09-01
265,239,2483,2,2013-09-24,2013-09-01
266,240,1949,3,2013-09-25,2013-09-01
267,241,1898,4,2013-09-26,2013-09-01
268,242,2025,5,2013-09-27,2013-09-01
269,243,243,6,2013-09-28,2013-09-01
270,244,2876,7,2013-09-29,2013-09-01
271,245,2172,1,2013-09-30,2013-09-01
272,-1,0,2,2013-10-01,2013-10-01
273,246,117,3,2013-10-02,2013-10-01
274,-1,0,4,2013-10-03,2013-10-01
275,247,17,5,2013-10-04,2013-10-01
276,248,16,6,2013-10-05,2013-10-01
277,249,19,7,2013-10-06,2013-10-01
278,-1,0,1,2013-10-07,2013-10-01
279,250,4723,2,2013-10-08,2013-10-01
280,251,2681,3,2013-10-09,2013-10-01
281,252,1876,4,2013-10-10,2013-10-01
282,253,1339,5,2013-10-11,2013-10-01
283,254,1414,6,2013-10-12,2013-10-01
284,255,19,7,2013-10-13,2013-10-01
285,256,2250,1,2013-10-14,2013-10-01
286,257,2669,2,2013-10-15,2013-10-01
287,258,2540,3,2013-10-16,2013-10-01
288,259,997,4,2013-10-17,2013-10-01
289,260,1808,5,2013-10-18,2013-10-01
290,261,171,6,2013-10-19,2013-10-01
291,-1,0,7,2013-10-20,2013-10-01
292,262,1909,1,2013-10-21,2013-10-01
293,263,2541,2,2013-10-22,2013-10-01
294,264,1722,3,2013-10-23,2013-10-01
295,265,1606,4,2013-10-24,2013-10-01
296,266,1664,5,2013-10-25,2013-10-01
297,267,192,6,2013-10-26,2013-10-01
298,-1,0,7,2013-10-27,2013-10-01
299,268,2436,1,2013-10-28,2013-10-01
300,269,2077,2,2013-10-29,2013-10-01
301,270,1789,3,2013-10-30,2013-10-01
302,271,1321,4,2013-10-31,2013-10-01
303,272,1714,5,2013-11-01,2013-11-01
304,273,129,6,2013-11-02,2013-11-01
305,-1,0,7,2013-11-03,2013-11-01
306,274,2059,1,2013-11-04,2013-11-01
307,275,1849,2,2013-11-05,2013-11-01
308,276,1631,3,2013-11-06,2013-11-01
309,277,1197,4,2013-11-07,2013-11-01
310,278,2099,5,2013-11-08,2013-11-01
311,279,206,6,2013-11-09,2013-11-01
312,-1,0,7,2013-11-10,2013-11-01
313,280,1712,1,2013-11-11,2013-11-01
314,281,2338,2,2013-11-12,2013-11-01
315,282,2103,3,2013-11-13,2013-11-01
316,283,1130,4,2013-11-14,2013-11-01
317,284,1693,5,2013-11-15,2013-11-01
318,285,170,6,2013-11-16,2013-11-01
319,-1,0,7,2013-11-17,2013-11-01
320,286,2057,1,2013-11-18,2013-11-01
321,287,2160,2,2013-11-19,2013-11-01
322,288,1519,3,2013-11-20,2013-11-01
323,289,1357,4,2013-11-21,2013-11-01
324,290,1698,5,2013-11-22,2013-11-01
325,291,192,6,2013-11-23,2013-11-01
326,292,22,7,2013-11-24,2013-11-01
327,293,2118,1,2013-11-25,2013-11-01
328,294,2170,2,2013-11-26,2013-11-01
329,295,1681,3,2013-11-27,2013-11-01
330,296,1454,4,2013-11-28,2013-11-01
331,297,1849,5,2013-11-29,2013-11-01
332,298,778,6,2013-11-30,2013-11-01
333,-1,0,7,2013-12-01,2013-12-01
334,299,2290,1,2013-12-02,2013-12-01
335,300,2126,2,2013-12-03,2013-12-01
336,301,2309,3,2013-12-04,2013-12-01
337,302,1288,4,2013-12-05,2013-12-01
338,303,1654,5,2013-12-06,2013-12-01
339,304,377,6,2013-12-07,2013-12-01
340,-1,0,7,2013-12-08,2013-12-01
341,305,2026,1,2013-12-09,2013-12-01
342,306,2002,2,2013-12-10,2013-12-01
343,307,2739,3,2013-12-11,2013-12-01
344,308,1726,4,2013-12-12,2013-12-01
345,309,1474,5,2013-12-13,2013-12-01
346,310,255,6,2013-12-14,2013-12-01
347,-1,0,7,2013-12-15,2013-12-01
348,311,2156,1,2013-12-16,2013-12-01
349,312,1680,2,2013-12-17,2013-12-01
350,313,1979,3,2013-12-18,2013-12-01
351,314,1207,4,2013-12-19,2013-12-01
352,315,1831,5,2013-12-20,2013-12-01
353,316,278,6,2013-12-21,2013-12-01
354,-1,0,7,2013-12-22,2013-12-01
355,317,1587,1,2013-12-23,2013-12-01
356,318,1514,2,2013-12-24,2013-12-01
357,319,1584,3,2013-12-25,2013-12-01
358,320,1365,4,2013-12-26,2013-12-01
359,321,1642,5,2013-12-27,2013-12-01
360,322,205,6,2013-12-28,2013-12-01
361,-1,0,7,2013-12-29,2013-12-01
362,323,1660,1,2013-12-30,2013-12-01
363,324,950,2,2013-12-31,2013-12-01
364,-1,0,3,2014-01-01,2014-01-01
365,325,4254,4,2014-01-02,2014-01-01
366,326,4569,5,2014-01-03,2014-01-01
367,327,649,6,2014-01-04,2014-01-01
368,-1,0,7,2014-01-05,2014-01-01
369,328,5202,1,2014-01-06,2014-01-01
370,329,5090,2,2014-01-07,2014-01-01
371,330,3488,3,2014-01-08,2014-01-01
372,331,2171,4,2014-01-09,2014-01-01
373,332,3075,5,2014-01-10,2014-01-01
374,333,441,6,2014-01-11,2014-01-01
375,-1,0,7,2014-01-12,2014-01-01
376,334,2593,1,2014-01-13,2014-01-01
377,335,2796,2,2014-01-14,2014-01-01
378,336,2546,3,2014-01-15,2014-01-01
379,337,2706,4,2014-01-16,2014-01-01
380,338,3006,5,2014-01-17,2014-01-01
381,339,411,6,2014-01-18,2014-01-01
382,-1,0,7,2014-01-19,2014-01-01
383,340,3591,1,2014-01-20,2014-01-01
384,341,3528,2,2014-01-21,2014-01-01
385,342,3534,3,2014-01-22,2014-01-01
386,343,2142,4,2014-01-23,2014-01-01
387,344,3887,5,2014-01-24,2014-01-01
388,345,324,6,2014-01-25,2014-01-01
389,346,1659,7,2014-01-26,2014-01-01
390,347,4320,1,2014-01-27,2014-01-01
391,348,3957,2,2014-01-28,2014-01-01
392,349,1598,3,2014-01-29,2014-01-01
393,350,244,4,2014-01-30,2014-01-01
394,-1,0,5,2014-01-31,2014-01-01
395,-1,0,6,2014-02-01,2014-02-01
396,-1,0,7,2014-02-02,2014-02-01
397,-1,0,1,2014-02-03,2014-02-01
398,-1,0,2,2014-02-04,2014-02-01
399,351,23,3,2014-02-05,2014-02-01
400,352,19,4,2014-02-06,2014-02-01
401,353,4061,5,2014-02-07,2014-02-01
402,354,3332,6,2014-02-08,2014-02-01
403,355,13,7,2014-02-09,2014-02-01
404,356,3710,1,2014-02-10,2014-02-01
405,357,3525,2,2014-02-11,2014-02-01
406,358,2282,3,2014-02-12,2014-02-01
407,359,1576,4,2014-02-13,2014-02-01
408,360,1772,5,2014-02-14,2014-02-01
409,361,272,6,2014-02-15,2014-02-01
410,362,18,7,2014-02-16,2014-02-01
411,363,1835,1,2014-02-17,2014-02-01
412,364,1904,2,2014-02-18,2014-02-01
413,365,2040,3,2014-02-19,2014-02-01
414,366,1532,4,2014-02-20,2014-02-01
415,367,1905,5,2014-02-21,2014-02-01
416,368,250,6,2014-02-22,2014-02-01
417,369,13,7,2014-02-23,2014-02-01
418,370,2387,1,2014-02-24,2014-02-01
419,371,3224,2,2014-02-25,2014-02-01
420,372,2471,3,2014-02-26,2014-02-01
421,373,1566,4,2014-02-27,2014-02-01
422,374,1308,5,2014-02-28,2014-02-01
423,375,305,6,2014-03-01,2014-03-01
424,376,27,7,2014-03-02,2014-03-01
425,377,2206,1,2014-03-03,2014-03-01
426,378,2018,2,2014-03-04,2014-03-01
427,379,1722,3,2014-03-05,2014-03-01
428,380,1437,4,2014-03-06,2014-03-01
429,381,1064,5,2014-03-07,2014-03-01
430,382,390,6,2014-03-08,2014-03-01
431,-1,0,7,2014-03-09,2014-03-01
432,383,2065,1,2014-03-10,2014-03-01
433,384,1802,2,2014-03-11,2014-03-01
434,385,1693,3,2014-03-12,2014-03-01
435,386,1392,4,2014-03-13,2014-03-01
436,387,1129,5,2014-03-14,2014-03-01
437,388,239,6,2014-03-15,2014-03-01
438,-1,0,7,2014-03-16,2014-03-01
439,389,1932,1,2014-03-17,2014-03-01
440,390,2848,2,2014-03-18,2014-03-01
441,391,1933,3,2014-03-19,2014-03-01
442,392,1124,4,2014-03-20,2014-03-01
443,393,1500,5,2014-03-21,2014-03-01
444,394,222,6,2014-03-22,2014-03-01
445,-1,0,7,2014-03-23,2014-03-01
446,395,1582,1,2014-03-24,2014-03-01
447,396,2051,2,2014-03-25,2014-03-01
448,397,2954,3,2014-03-26,2014-03-01
449,398,1534,4,2014-03-27,2014-03-01
450,399,2473,5,2014-03-28,2014-03-01
451,400,139,6,2014-03-29,2014-03-01
452,401,25,7,2014-03-30,2014-03-01
453,402,1739,1,2014-03-31,2014-03-01
454,403,1915,2,2014-04-01,2014-04-01
455,404,1787,3,2014-04-02,2014-04-01
456,405,1668,4,2014-04-03,2014-04-01
457,406,1348,5,2014-04-04,2014-04-01
458,407,25,6,2014-04-05,2014-04-01
459,408,22,7,2014-04-06,2014-04-01
460,409,59,1,2014-04-07,2014-04-01
461,410,3076,2,2014-04-08,2014-04-01
462,411,2469,3,2014-04-09,2014-04-01
463,412,1603,4,2014-04-10,2014-04-01
464,413,1460,5,2014-04-11,2014-04-01
465,414,182,6,2014-04-12,2014-04-01
466,-1,0,7,2014-04-13,2014-04-01
467,415,1901,1,2014-04-14,2014-04-01
468,416,1870,2,2014-04-15,2014-04-01
469,417,1682,3,2014-04-16,2014-04-01
470,418,2176,4,2014-04-17,2014-04-01
471,419,1885,5,2014-04-18,2014-04-01
472,420,357,6,2014-04-19,2014-04-01
473,421,22,7,2014-04-20,2014-04-01
474,422,2070,1,2014-04-21,2014-04-01
475,423,2607,2,2014-04-22,2014-04-01
476,424,1803,3,2014-04-23,2014-04-01
477,425,1100,4,2014-04-24,2014-04-01
478,426,2248,5,2014-04-25,2014-04-01
479,427,230,6,2014-04-26,2014-04-01
480,-1,0,7,2014-04-27,2014-04-01
481,428,1901,1,2014-04-28,2014-04-01
482,429,2174,2,2014-04-29,2014-04-01
483,430,1863,3,2014-04-30,2014-04-01
484,-1,0,4,2014-05-01,2014-05-01
485,431,12,5,2014-05-02,2014-05-01
486,432,72,6,2014-05-03,2014-05-01
487,433,2590,7,2014-05-04,2014-05-01
488,434,1621,1,2014-05-05,2014-05-01
489,435,2257,2,2014-05-06,2014-05-01
490,436,2025,3,2014-05-07,2014-05-01
491,437,2284,4,2014-05-08,2014-05-01
492,438,1628,5,2014-05-09,2014-05-01
493,439,191,6,2014-05-10,2014-05-01
494,-1,0,7,2014-05-11,2014-05-01
495,440,1599,1,2014-05-12,2014-05-01
496,441,1857,2,2014-05-13,2014-05-01
497,442,1755,3,2014-05-14,2014-05-01
498,443,1230,4,2014-05-15,2014-05-01
499,444,1686,5,2014-05-16,2014-05-01
500,445,263,6,2014-05-17,2014-05-01
501,446,18,7,2014-05-18,2014-05-01
502,447,1812,1,2014-05-19,2014-05-01
503,448,1841,2,2014-05-20,2014-05-01
504,449,1090,3,2014-05-21,2014-05-01
505,450,1253,4,2014-05-22,2014-05-01
506,451,1545,5,2014-05-23,2014-05-01
507,452,123,6,2014-05-24,2014-05-01
508,-1,0,7,2014-05-25,2014-05-01
509,453,1862,1,2014-05-26,2014-05-01
510,454,1769,2,2014-05-27,2014-05-01
511,455,1302,3,2014-05-28,2014-05-01
512,456,1201,4,2014-05-29,2014-05-01
513,457,2338,5,2014-05-30,2014-05-01
514,458,153,6,2014-05-31,2014-05-01
515,459,47,7,2014-06-01,2014-06-01
516,-1,0,1,2014-06-02,2014-06-01
517,460,2908,2,2014-06-03,2014-06-01
518,461,1661,3,2014-06-04,2014-06-01
519,462,1081,4,2014-06-05,2014-06-01
520,463,1774,5,2014-06-06,2014-06-01
521,464,124,6,2014-06-07,2014-06-01
522,465,13,7,2014-06-08,2014-06-01
523,466,1919,1,2014-06-09,2014-06-01
524,467,1288,2,2014-06-10,2014-06-01
525,468,1073,3,2014-06-11,2014-06-01
526,469,1025,4,2014-06-12,2014-06-01
527,470,1383,5,2014-06-13,2014-06-01
528,471,212,6,2014-06-14,2014-06-01
529,-1,0,7,2014-06-15,2014-06-01
530,472,1489,1,2014-06-16,2014-06-01
531,473,1713,2,2014-06-17,2014-06-01
532,474,1952,3,2014-06-18,2014-06-01
533,475,1227,4,2014-06-19,2014-06-01
534,476,1370,5,2014-06-20,2014-06-01
535,477,133,6,2014-06-21,2014-06-01
536,-1,0,7,2014-06-22,2014-06-01
537,478,1616,1,2014-06-23,2014-06-01
538,479,2016,2,2014-06-24,2014-06-01
539,480,2483,3,2014-06-25,2014-06-01
540,481,1467,4,2014-06-26,2014-06-01
541,482,2049,5,2014-06-27,2014-06-01
542,483,291,6,2014-06-28,2014-06-01
543,-1,0,7,2014-06-29,2014-06-01
544,484,1184,1,2014-06-30,2014-06-01
545,485,2822,2,2014-07-01,2014-07-01
546,486,2027,3,2014-07-02,2014-07-01
547,487,1542,4,2014-07-03,2014-07-01
548,488,1754,5,2014-07-04,2014-07-01
549,489,107,6,2014-07-05,2014-07-01
550,-1,0,7,2014-07-06,2014-07-01
551,490,1983,1,2014-07-07,2014-07-01
552,491,2209,2,2014-07-08,2014-07-01
553,492,1731,3,2014-07-09,2014-07-01
554,493,1266,4,2014-07-10,2014-07-01
555,494,1494,5,2014-07-11,2014-07-01
556,495,152,6,2014-07-12,2014-07-01
557,-1,0,7,2014-07-13,2014-07-01
558,496,2065,1,2014-07-14,2014-07-01
559,497,2072,2,2014-07-15,2014-07-01
560,498,1792,3,2014-07-16,2014-07-01
561,499,1512,4,2014-07-17,2014-07-01
562,500,1853,5,2014-07-18,2014-07-01
563,501,248,6,2014-07-19,2014-07-01
564,-1,0,7,2014-07-20,2014-07-01
565,502,1740,1,2014-07-21,2014-07-01
566,503,1739,2,2014-07-22,2014-07-01
567,504,1495,3,2014-07-23,2014-07-01
568,505,1656,4,2014-07-24,2014-07-01
569,506,1244,5,2014-07-25,2014-07-01
570,507,41,6,2014-07-26,2014-07-01
571,-1,0,7,2014-07-27,2014-07-01
572,508,1755,1,2014-07-28,2014-07-01
573,509,1749,2,2014-07-29,2014-07-01
574,510,1313,3,2014-07-30,2014-07-01
575,511,1175,4,2014-07-31,2014-07-01
576,512,1391,5,2014-08-01,2014-08-01
577,513,248,6,2014-08-02,2014-08-01
578,-1,0,7,2014-08-03,2014-08-01
579,514,2022,1,2014-08-04,2014-08-01
580,515,2787,2,2014-08-05,2014-08-01
581,516,1658,3,2014-08-06,2014-08-01
582,517,1023,4,2014-08-07,2014-08-01
583,518,1545,5,2014-08-08,2014-08-01
584,519,207,6,2014-08-09,2014-08-01
585,-1,0,7,2014-08-10,2014-08-01
586,520,2076,1,2014-08-11,2014-08-01
587,521,1416,2,2014-08-12,2014-08-01
588,522,1421,3,2014-08-13,2014-08-01
589,523,1130,4,2014-08-14,2014-08-01
590,524,1377,5,2014-08-15,2014-08-01
591,525,248,6,2014-08-16,2014-08-01
592,-1,0,7,2014-08-17,2014-08-01
593,526,1867,1,2014-08-18,2014-08-01
594,527,1941,2,2014-08-19,2014-08-01
595,528,1707,3,2014-08-20,2014-08-01
596,529,1510,4,2014-08-21,2014-08-01
597,530,1065,5,2014-08-22,2014-08-01
598,531,305,6,2014-08-23,2014-08-01
599,532,13,7,2014-08-24,2014-08-01
600,533,1824,1,2014-08-25,2014-08-01
601,534,2049,2,2014-08-26,2014-08-01
602,535,1371,3,2014-08-27,2014-08-01
603,536,1299,4,2014-08-28,2014-08-01
604,537,1752,5,2014-08-29,2014-08-01
605,538,212,6,2014-08-30,2014-08-01
606,-1,0,7,2014-08-31,2014-08-01
607,539,2764,1,2014-09-01,2014-09-01
608,540,2466,2,2014-09-02,2014-09-01
609,541,2079,3,2014-09-03,2014-09-01
610,542,1471,4,2014-09-04,2014-09-01
611,543,2344,5,2014-09-05,2014-09-01
612,544,218,6,2014-09-06,2014-09-01
613,-1,0,7,2014-09-07,2014-09-01
614,-1,0,1,2014-09-08,2014-09-01
615,545,4044,2,2014-09-09,2014-09-01
616,546,2265,3,2014-09-10,2014-09-01
617,547,1602,4,2014-09-11,2014-09-01
618,548,2033,5,2014-09-12,2014-09-01
619,549,317,6,2014-09-13,2014-09-01
620,-1,0,7,2014-09-14,2014-09-01
621,550,2209,1,2014-09-15,2014-09-01
622,551,2231,2,2014-09-16,2014-09-01
623,552,1190,3,2014-09-17,2014-09-01
624,553,1413,4,2014-09-18,2014-09-01
625,554,2097,5,2014-09-19,2014-09-01
626,555,205,6,2014-09-20,2014-09-01
627,-1,0,7,2014-09-21,2014-09-01
628,556,2156,1,2014-09-22,2014-09-01
629,557,2219,2,2014-09-23,2014-09-01
630,558,1801,3,2014-09-24,2014-09-01
631,559,1657,4,2014-09-25,2014-09-01
632,560,2965,5,2014-09-26,2014-09-01
633,561,382,6,2014-09-27,2014-09-01
634,562,1268,7,2014-09-28,2014-09-01
635,563,2915,1,2014-09-29,2014-09-01
636,564,3137,2,2014-09-30,2014-09-01
637,565,132,3,2014-10-01,2014-10-01
638,-1,0,4,2014-10-02,2014-10-01
639,-1,0,5,2014-10-03,2014-10-01
640,-1,0,6,2014-10-04,2014-10-01
641,-1,0,7,2014-10-05,2014-10-01
642,566,52,1,2014-10-06,2014-10-01
643,567,15,2,2014-10-07,2014-10-01
644,568,4783,3,2014-10-08,2014-10-01
645,569,2396,4,2014-10-09,2014-10-01
646,570,2454,5,2014-10-10,2014-10-01
647,571,1964,6,2014-10-11,2014-10-01
648,572,35,7,2014-10-12,2014-10-01
649,573,3096,1,2014-10-13,2014-10-01
650,574,2441,2,2014-10-14,2014-10-01
651,575,2282,3,2014-10-15,2014-10-01
652,576,1467,4,2014-10-16,2014-10-01
653,577,1432,5,2014-10-17,2014-10-01
654,578,193,6,2014-10-18,2014-10-01
655,-1,0,7,2014-10-19,2014-10-01
656,579,1792,1,2014-10-20,2014-10-01
657,580,2085,2,2014-10-21,2014-10-01
658,581,1967,3,2014-10-22,2014-10-01
659,582,1312,4,2014-10-23,2014-10-01
660,583,1381,5,2014-10-24,2014-10-01
661,584,218,6,2014-10-25,2014-10-01
662,-1,0,7,2014-10-26,2014-10-01
663,585,1993,1,2014-10-27,2014-10-01
664,586,2389,2,2014-10-28,2014-10-01
665,587,2061,3,2014-10-29,2014-10-01
666,588,2394,4,2014-10-30,2014-10-01
667,589,1579,5,2014-10-31,2014-10-01
668,590,15,6,2014-11-01,2014-11-01
669,-1,0,7,2014-11-02,2014-11-01
670,591,2136,1,2014-11-03,2014-11-01
671,592,1946,2,2014-11-04,2014-11-01
672,593,1762,3,2014-11-05,2014-11-01
673,594,1342,4,2014-11-06,2014-11-01
674,595,1718,5,2014-11-07,2014-11-01
675,596,256,6,2014-11-08,2014-11-01
676,-1,0,7,2014-11-09,2014-11-01
677,597,2041,1,2014-11-10,2014-11-01
678,598,1692,2,2014-11-11,2014-11-01
679,599,1867,3,2014-11-12,2014-11-01
680,600,1085,4,2014-11-13,2014-11-01
681,601,1932,5,2014-11-14,2014-11-01
682,602,245,6,2014-11-15,2014-11-01
683,603,22,7,2014-11-16,2014-11-01
684,604,2175,1,2014-11-17,2014-11-01
685,605,2356,2,2014-11-18,2014-11-01
686,606,1869,3,2014-11-19,2014-11-01
687,607,1468,4,2014-11-20,2014-11-01
688,608,1756,5,2014-11-21,2014-11-01
689,609,246,6,2014-11-22,2014-11-01
690,-1,0,7,2014-11-23,2014-11-01
691,610,1863,1,2014-11-24,2014-11-01
692,611,2242,2,2014-11-25,2014-11-01
693,612,1585,3,2014-11-26,2014-11-01
694,613,1243,4,2014-11-27,2014-11-01
695,614,1409,5,2014-11-28,2014-11-01
696,615,344,6,2014-11-29,2014-11-01
697,-1,0,7,2014-11-30,2014-11-01
698,616,2294,1,2014-12-01,2014-12-01
699,617,1778,2,2014-12-02,2014-12-01
700,618,1755,3,2014-12-03,2014-12-01
701,619,1641,4,2014-12-04,2014-12-01
702,620,1459,5,2014-12-05,2014-12-01
703,621,261,6,2014-12-06,2014-12-01
704,-1,0,7,2014-12-07,2014-12-01
705,622,2024,1,2014-12-08,2014-12-01
706,623,2490,2,2014-12-09,2014-12-01
707,624,1504,3,2014-12-10,2014-12-01
708,625,1695,4,2014-12-11,2014-12-01
709,626,1706,5,2014-12-12,2014-12-01
710,627,138,6,2014-12-13,2014-12-01
711,-1,0,7,2014-12-14,2014-12-01
712,628,2113,1,2014-12-15,2014-12-01
713,629,2036,2,2014-12-16,2014-12-01
714,630,1729,3,2014-12-17,2014-12-01
715,631,1332,4,2014-12-18,2014-12-01
716,632,1977,5,2014-12-19,2014-12-01
717,633,186,6,2014-12-20,2014-12-01
718,-1,0,7,2014-12-21,2014-12-01
719,634,1593,1,2014-12-22,2014-12-01
720,635,3091,2,2014-12-23,2014-12-01
721,636,1960,3,2014-12-24,2014-12-01
722,637,769,4,2014-12-25,2014-12-01
723,638,1844,5,2014-12-26,2014-12-01
724,639,140,6,2014-12-27,2014-12-01
725,640,25,7,2014-12-28,2014-12-01
726,641,2167,1,2014-12-29,2014-12-01
727,642,1292,2,2014-12-30,2014-12-01
728,643,1278,3,2014-12-31,2014-12-01
729,644,75,4,2015-01-01,2015-01-01
730,-1,0,5,2015-01-02,2015-01-01
731,-1,0,6,2015-01-03,2015-01-01
732,645,7063,7,2015-01-04,2015-01-01
733,646,5804,1,2015-01-05,2015-01-01
734,647,7226,2,2015-01-06,2015-01-01
735,648,3616,3,2015-01-07,2015-01-01
736,649,5742,4,2015-01-08,2015-01-01
737,650,4501,5,2015-01-09,2015-01-01
738,651,796,6,2015-01-10,2015-01-01
739,-1,0,7,2015-01-11,2015-01-01
740,652,4259,1,2015-01-12,2015-01-01
741,653,3472,2,2015-01-13,2015-01-01
742,654,2482,3,2015-01-14,2015-01-01
743,655,2722,4,2015-01-15,2015-01-01
744,656,2869,5,2015-01-16,2015-01-01
745,657,448,6,2015-01-17,2015-01-01
746,658,24,7,2015-01-18,2015-01-01
747,659,3425,1,2015-01-19,2015-01-01
748,660,2794,2,2015-01-20,2015-01-01
749,661,2954,3,2015-01-21,2015-01-01
750,662,2501,4,2015-01-22,2015-01-01
751,663,2883,5,2015-01-23,2015-01-01
752,664,699,6,2015-01-24,2015-01-01
753,665,24,7,2015-01-25,2015-01-01
754,666,2692,1,2015-01-26,2015-01-01
755,667,3526,2,2015-01-27,2015-01-01
756,668,3877,3,2015-01-28,2015-01-01
757,669,2546,4,2015-01-29,2015-01-01
758,670,2709,5,2015-01-30,2015-01-01
759,671,471,6,2015-01-31,2015-01-01
760,-1,0,7,2015-02-01,2015-02-01
761,672,3469,1,2015-02-02,2015-02-01
762,673,3498,2,2015-02-03,2015-02-01
763,674,3835,3,2015-02-04,2015-02-01
764,675,2530,4,2015-02-05,2015-02-01
765,676,2564,5,2015-02-06,2015-02-01
766,677,367,6,2015-02-07,2015-02-01
767,-1,0,7,2015-02-08,2015-02-01
768,678,4217,1,2015-02-09,2015-02-01
769,679,4630,2,2015-02-10,2015-02-01
770,680,3877,3,2015-02-11,2015-02-01
771,681,4141,4,2015-02-12,2015-02-01
772,682,3701,5,2015-02-13,2015-02-01
773,683,652,6,2015-02-14,2015-02-01
774,684,2663,7,2015-02-15,2015-02-01
775,685,4903,1,2015-02-16,2015-02-01
776,686,2040,2,2015-02-17,2015-02-01
777,-1,0,3,2015-02-18,2015-02-01
778,-1,0,4,2015-02-19,2015-02-01
779,-1,0,5,2015-02-20,2015-02-01
780,-1,0,6,2015-02-21,2015-02-01
781,-1,0,7,2015-02-22,2015-02-01
782,-1,0,1,2015-02-23,2015-02-01
783,687,23,2,2015-02-24,2015-02-01
784,688,4712,3,2015-02-25,2015-02-01
785,689,4395,4,2015-02-26,2015-02-01
786,690,3661,5,2015-02-27,2015-02-01
787,691,2073,6,2015-02-28,2015-02-01
788,-1,0,7,2015-03-01,2015-03-01
789,692,4832,1,2015-03-02,2015-03-01
790,693,4032,2,2015-03-03,2015-03-01
791,694,2054,3,2015-03-04,2015-03-01
792,695,1477,4,2015-03-05,2015-03-01
793,696,1808,5,2015-03-06,2015-03-01
794,697,290,6,2015-03-07,2015-03-01
795,-1,0,7,2015-03-08,2015-03-01
796,698,2028,1,2015-03-09,2015-03-01
797,699,2479,2,2015-03-10,2015-03-01
798,700,1426,3,2015-03-11,2015-03-01
799,701,1693,4,2015-03-12,2015-03-01
800,702,1626,5,2015-03-13,2015-03-01
801,703,236,6,2015-03-14,2015-03-01
802,-1,0,7,2015-03-15,2015-03-01
803,704,2508,1,2015-03-16,2015-03-01
804,705,2491,2,2015-03-17,2015-03-01
805,706,1907,3,2015-03-18,2015-03-01
806,707,1524,4,2015-03-19,2015-03-01
807,708,1664,5,2015-03-20,2015-03-01
808,709,948,6,2015-03-21,2015-03-01
809,-1,0,7,2015-03-22,2015-03-01
810,710,2617,1,2015-03-23,2015-03-01
811,711,2325,2,2015-03-24,2015-03-01
812,712,2451,3,2015-03-25,2015-03-01
813,713,1140,4,2015-03-26,2015-03-01
814,714,1696,5,2015-03-27,2015-03-01
815,715,376,6,2015-03-28,2015-03-01
816,-1,0,7,2015-03-29,2015-03-01
817,716,2280,1,2015-03-30,2015-03-01
818,717,2007,2,2015-03-31,2015-03-01
819,718,1784,3,2015-04-01,2015-04-01
820,719,1102,4,2015-04-02,2015-04-01
821,720,1902,5,2015-04-03,2015-04-01
822,721,55,6,2015-04-04,2015-04-01
823,-1,0,7,2015-04-05,2015-04-01
824,722,13,1,2015-04-06,2015-04-01
825,723,3380,2,2015-04-07,2015-04-01
826,724,2690,3,2015-04-08,2015-04-01
827,725,1348,4,2015-04-09,2015-04-01
828,726,2035,5,2015-04-10,2015-04-01
829,727,139,6,2015-04-11,2015-04-01
830,728,20,7,2015-04-12,2015-04-01
831,729,2044,1,2015-04-13,2015-04-01
832,730,2024,2,2015-04-14,2015-04-01
833,731,1455,3,2015-04-15,2015-04-01
834,732,1354,4,2015-04-16,2015-04-01
835,733,1310,5,2015-04-17,2015-04-01
836,734,275,6,2015-04-18,2015-04-01
837,-1,0,7,2015-04-19,2015-04-01
838,735,2424,1,2015-04-20,2015-04-01
839,736,2985,2,2015-04-21,2015-04-01
840,737,2014,3,2015-04-22,2015-04-01
841,738,1105,4,2015-04-23,2015-04-01
842,739,1524,5,2015-04-24,2015-04-01
843,740,378,6,2015-04-25,2015-04-01
844,-1,0,7,2015-04-26,2015-04-01
845,741,2491,1,2015-04-27,2015-04-01
846,742,2830,2,2015-04-28,2015-04-01
847,743,2155,3,2015-04-29,2015-04-01
848,744,2017,4,2015-04-30,2015-04-01
849,745,27,5,2015-05-01,2015-05-01
850,-1,0,6,2015-05-02,2015-05-01
851,-1,0,7,2015-05-03,2015-05-01
852,746,3150,1,2015-05-04,2015-05-01
853,747,2383,2,2015-05-05,2015-05-01
854,748,2824,3,2015-05-06,2015-05-01
855,749,1876,4,2015-05-07,2015-05-01
856,750,2054,5,2015-05-08,2015-05-01
857,751,321,6,2015-05-09,2015-05-01
858,-1,0,7,2015-05-10,2015-05-01
859,752,2384,1,2015-05-11,2015-05-01
860,753,2472,2,2015-05-12,2015-05-01
861,754,1881,3,2015-05-13,2015-05-01
862,755,1816,4,2015-05-14,2015-05-01
863,756,1361,5,2015-05-15,2015-05-01
864,757,314,6,2015-05-16,2015-05-01
865,-1,0,7,2015-05-17,2015-05-01
866,758,3309,1,2015-05-18,2015-05-01
867,759,1948,2,2015-05-19,2015-05-01
868,760,1722,3,2015-05-20,2015-05-01
869,761,1520,4,2015-05-21,2015-05-01
870,762,2232,5,2015-05-22,2015-05-01
871,763,497,6,2015-05-23,2015-05-01
872,-1,0,7,2015-05-24,2015-05-01
873,764,2037,1,2015-05-25,2015-05-01
874,765,2246,2,2015-05-26,2015-05-01
875,766,1447,3,2015-05-27,2015-05-01
876,767,1478,4,2015-05-28,2015-05-01
877,768,1631,5,2015-05-29,2015-05-01
878,769,128,6,2015-05-30,2015-05-01
879,-1,0,7,2015-05-31,2015-05-01
880,770,2102,1,2015-06-01,2015-06-01
881,771,2114,2,2015-06-02,2015-06-01
882,772,1964,3,2015-06-03,2015-06-01
883,773,1427,4,2015-06-04,2015-06-01
884,774,1416,5,2015-06-05,2015-06-01
885,775,319,6,2015-06-06,2015-06-01
886,-1,0,7,2015-06-07,2015-06-01
887,776,2147,1,2015-06-08,2015-06-01
888,777,1925,2,2015-06-09,2015-06-01
889,778,1668,3,2015-06-10,2015-06-01
890,779,1692,4,2015-06-11,2015-06-01
891,780,1517,5,2015-06-12,2015-06-01
892,781,381,6,2015-06-13,2015-06-01
893,-1,0,7,2015-06-14,2015-06-01
894,782,2327,1,2015-06-15,2015-06-01
895,783,1926,2,2015-06-16,2015-06-01
896,784,1387,3,2015-06-17,2015-06-01
897,785,1533,4,2015-06-18,2015-06-01
898,786,1946,5,2015-06-19,2015-06-01
899,787,89,6,2015-06-20,2015-06-01
900,-1,0,7,2015-06-21,2015-06-01
901,-1,0,1,2015-06-22,2015-06-01
902,788,3157,2,2015-06-23,2015-06-01
903,789,1933,3,2015-06-24,2015-06-01
904,790,1257,4,2015-06-25,2015-06-01
905,791,2051,5,2015-06-26,2015-06-01
906,792,472,6,2015-06-27,2015-06-01
907,-1,0,7,2015-06-28,2015-06-01
908,793,2031,1,2015-06-29,2015-06-01
909,794,1465,2,2015-06-30,2015-06-01
910,795,2291,3,2015-07-01,2015-07-01
911,796,1380,4,2015-07-02,2015-07-01
912,797,1659,5,2015-07-03,2015-07-01
913,798,401,6,2015-07-04,2015-07-01
914,-1,0,7,2015-07-05,2015-07-01
915,799,2248,1,2015-07-06,2015-07-01
916,800,3005,2,2015-07-07,2015-07-01
917,801,2281,3,2015-07-08,2015-07-01
918,802,1062,4,2015-07-09,2015-07-01
919,803,1675,5,2015-07-10,2015-07-01
920,804,304,6,2015-07-11,2015-07-01
921,-1,0,7,2015-07-12,2015-07-01
922,805,2034,1,2015-07-13,2015-07-01
923,806,2520,2,2015-07-14,2015-07-01
924,807,1944,3,2015-07-15,2015-07-01
925,808,1398,4,2015-07-16,2015-07-01
926,809,1384,5,2015-07-17,2015-07-01
927,810,288,6,2015-07-18,2015-07-01
928,-1,0,7,2015-07-19,2015-07-01
929,811,1804,1,2015-07-20,2015-07-01
930,812,2255,2,2015-07-21,2015-07-01
931,813,1893,3,2015-07-22,2015-07-01
932,814,1193,4,2015-07-23,2015-07-01
933,815,1907,5,2015-07-24,2015-07-01
934,816,185,6,2015-07-25,2015-07-01
935,-1,0,7,2015-07-26,2015-07-01
936,817,1304,1,2015-07-27,2015-07-01
937,818,2076,2,2015-07-28,2015-07-01
938,819,1754,3,2015-07-29,2015-07-01
939,820,1155,4,2015-07-30,2015-07-01
940,821,1613,5,2015-07-31,2015-07-01
941,822,410,6,2015-08-01,2015-08-01
942,-1,0,7,2015-08-02,2015-08-01
943,823,2437,1,2015-08-03,2015-08-01
944,824,2596,2,2015-08-04,2015-08-01
945,825,1823,3,2015-08-05,2015-08-01
946,826,1951,4,2015-08-06,2015-08-01
947,827,1983,5,2015-08-07,2015-08-01
948,828,297,6,2015-08-08,2015-08-01
949,-1,0,7,2015-08-09,2015-08-01
950,829,2186,1,2015-08-10,2015-08-01
951,830,1608,2,2015-08-11,2015-08-01
952,831,2334,3,2015-08-12,2015-08-01
953,832,2051,4,2015-08-13,2015-08-01
954,833,1795,5,2015-08-14,2015-08-01
955,834,346,6,2015-08-15,2015-08-01
956,-1,0,7,2015-08-16,2015-08-01
957,835,1926,1,2015-08-17,2015-08-01
958,836,1902,2,2015-08-18,2015-08-01
959,837,1604,3,2015-08-19,2015-08-01
960,838,1357,4,2015-08-20,2015-08-01
961,839,1893,5,2015-08-21,2015-08-01
962,840,227,6,2015-08-22,2015-08-01
963,841,24,7,2015-08-23,2015-08-01
964,842,2270,1,2015-08-24,2015-08-01
965,843,2200,2,2015-08-25,2015-08-01
966,844,1738,3,2015-08-26,2015-08-01
967,845,1327,4,2015-08-27,2015-08-01
968,846,1254,5,2015-08-28,2015-08-01
969,847,498,6,2015-08-29,2015-08-01
970,848,20,7,2015-08-30,2015-08-01
971,849,2616,1,2015-08-31,2015-08-01
972,850,2477,2,2015-09-01,2015-09-01
973,851,2305,3,2015-09-02,2015-09-01
974,852,12,4,2015-09-03,2015-09-01
975,-1,0,5,2015-09-04,2015-09-01
976,-1,0,6,2015-09-05,2015-09-01
977,853,3354,7,2015-09-06,2015-09-01
978,854,1800,1,2015-09-07,2015-09-01
979,855,2684,2,2015-09-08,2015-09-01
980,856,1475,3,2015-09-09,2015-09-01
981,857,1783,4,2015-09-10,2015-09-01
982,858,1625,5,2015-09-11,2015-09-01
983,859,309,6,2015-09-12,2015-09-01
984,-1,0,7,2015-09-13,2015-09-01
985,860,1990,1,2015-09-14,2015-09-01
986,861,2256,2,2015-09-15,2015-09-01
987,862,2032,3,2015-09-16,2015-09-01
988,863,1183,4,2015-09-17,2015-09-01
989,864,1565,5,2015-09-18,2015-09-01
990,865,254,6,2015-09-19,2015-09-01
991,-1,0,7,2015-09-20,2015-09-01
992,866,1983,1,2015-09-21,2015-09-01
993,867,2445,2,2015-09-22,2015-09-01
994,868,2312,3,2015-09-23,2015-09-01
995,869,1510,4,2015-09-24,2015-09-01
996,870,2380,5,2015-09-25,2015-09-01
997,871,61,6,2015-09-26,2015-09-01
998,-1,0,7,2015-09-27,2015-09-01
999,872,3279,1,2015-09-28,2015-09-01
1000,873,3804,2,2015-09-29,2015-09-01
1001,874,3046,3,2015-09-30,2015-09-01
1002,-1,0,4,2015-10-01,2015-10-01
1003,875,13,5,2015-10-02,2015-10-01
1004,-1,0,6,2015-10-03,2015-10-01
1005,876,15,7,2015-10-04,2015-10-01
1006,-1,0,1,2015-10-05,2015-10-01
1007,-1,0,2,2015-10-06,2015-10-01
1008,877,88,3,2015-10-07,2015-10-01
1009,878,4354,4,2015-10-08,2015-10-01
1010,879,3418,5,2015-10-09,2015-10-01
1011,880,2489,6,2015-10-10,2015-10-01
1012,-1,0,7,2015-10-11,2015-10-01
1013,881,2584,1,2015-10-12,2015-10-01
1014,882,3546,2,2015-10-13,2015-10-01
1015,883,2458,3,2015-10-14,2015-10-01
1016,884,2065,4,2015-10-15,2015-10-01
1017,885,1816,5,2015-10-16,2015-10-01
1018,886,263,6,2015-10-17,2015-10-01
1019,887,28,7,2015-10-18,2015-10-01
1020,888,2407,1,2015-10-19,2015-10-01
1021,889,3639,2,2015-10-20,2015-10-01
1022,890,2551,3,2015-10-21,2015-10-01
1023,891,1925,4,2015-10-22,2015-10-01
1024,892,1989,5,2015-10-23,2015-10-01
1025,893,181,6,2015-10-24,2015-10-01
1026,-1,0,7,2015-10-25,2015-10-01
1027,894,2569,1,2015-10-26,2015-10-01
1028,895,2019,2,2015-10-27,2015-10-01
1029,896,1900,3,2015-10-28,2015-10-01
1030,897,1180,4,2015-10-29,2015-10-01
1031,898,1886,5,2015-10-30,2015-10-01
1032,899,322,6,2015-10-31,2015-10-01
1033,-1,0,7,2015-11-01,2015-11-01
1034,900,2615,1,2015-11-02,2015-11-01
1035,901,2594,2,2015-11-03,2015-11-01
1036,902,1760,3,2015-11-04,2015-11-01
1037,903,1590,4,2015-11-05,2015-11-01
1038,904,1994,5,2015-11-06,2015-11-01
1039,905,409,6,2015-11-07,2015-11-01
1040,906,24,7,2015-11-08,2015-11-01
1041,907,3017,1,2015-11-09,2015-11-01
1042,908,2538,2,2015-11-10,2015-11-01
1043,909,2019,3,2015-11-11,2015-11-01
1044,910,1667,4,2015-11-12,2015-11-01
1045,911,1876,5,2015-11-13,2015-11-01
1046,912,498,6,2015-11-14,2015-11-01
1047,-1,0,7,2015-11-15,2015-11-01
1048,913,2237,1,2015-11-16,2015-11-01
1049,914,2268,2,2015-11-17,2015-11-01
1050,915,1898,3,2015-11-18,2015-11-01
1051,916,1870,4,2015-11-19,2015-11-01
1052,917,2174,5,2015-11-20,2015-11-01
1053,918,540,6,2015-11-21,2015-11-01
1054,-1,0,7,2015-11-22,2015-11-01
1055,919,2397,1,2015-11-23,2015-11-01
1056,920,1947,2,2015-11-24,2015-11-01
1057,921,2057,3,2015-11-25,2015-11-01
1058,922,1860,4,2015-11-26,2015-11-01
1059,923,2270,5,2015-11-27,2015-11-01
1060,924,409,6,2015-11-28,2015-11-01
1061,-1,0,7,2015-11-29,2015-11-01
1062,925,3666,1,2015-11-30,2015-11-01
1063,926,2535,2,2015-12-01,2015-12-01
1064,927,2063,3,2015-12-02,2015-12-01
1065,928,1497,4,2015-12-03,2015-12-01
1066,929,2170,5,2015-12-04,2015-12-01
1067,930,312,6,2015-12-05,2015-12-01
1068,-1,0,7,2015-12-06,2015-12-01
1069,931,2228,1,2015-12-07,2015-12-01
1070,932,2098,2,2015-12-08,2015-12-01
1071,933,2725,3,2015-12-09,2015-12-01
1072,934,1491,4,2015-12-10,2015-12-01
1073,935,2140,5,2015-12-11,2015-12-01
1074,936,450,6,2015-12-12,2015-12-01
1075,-1,0,7,2015-12-13,2015-12-01
1076,937,2057,1,2015-12-14,2015-12-01
1077,938,2181,2,2015-12-15,2015-12-01
1078,939,2339,3,2015-12-16,2015-12-01
1079,940,1414,4,2015-12-17,2015-12-01
1080,941,2924,5,2015-12-18,2015-12-01
1081,942,482,6,2015-12-19,2015-12-01
1082,-1,0,7,2015-12-20,2015-12-01
1083,943,1611,1,2015-12-21,2015-12-01
1084,944,2771,2,2015-12-22,2015-12-01
1085,945,3477,3,2015-12-23,2015-12-01
1086,946,1565,4,2015-12-24,2015-12-01
1087,947,2158,5,2015-12-25,2015-12-01
1088,948,800,6,2015-12-26,2015-12-01
1089,949,15,7,2015-12-27,2015-12-01
1090,950,2555,1,2015-12-28,2015-12-01
1091,951,1839,2,2015-12-29,2015-12-01
1092,952,2331,3,2015-12-30,2015-12-01
1093,953,772,4,2015-12-31,2015-12-01
1094,954,70,5,2016-01-01,2016-01-01
1095,955,33,6,2016-01-02,2016-01-01
1096,-1,0,7,2016-01-03,2016-01-01
1097,956,6421,1,2016-01-04,2016-01-01
1098,957,7069,2,2016-01-05,2016-01-01
1099,958,5017,3,2016-01-06,2016-01-01
1100,959,3192,4,2016-01-07,2016-01-01
1101,960,4838,5,2016-01-08,2016-01-01
1102,961,1063,6,2016-01-09,2016-01-01
1103,-1,0,7,2016-01-10,2016-01-01
1104,962,5227,1,2016-01-11,2016-01-01
1105,963,3848,2,2016-01-12,2016-01-01
1106,964,3631,3,2016-01-13,2016-01-01
1107,965,1899,4,2016-01-14,2016-01-01
1108,966,2978,5,2016-01-15,2016-01-01
1109,967,657,6,2016-01-16,2016-01-01
1110,-1,0,7,2016-01-17,2016-01-01
1111,968,3859,1,2016-01-18,2016-01-01
1112,969,4572,2,2016-01-19,2016-01-01
1113,970,3687,3,2016-01-20,2016-01-01
1114,971,2851,4,2016-01-21,2016-01-01
1115,972,2644,5,2016-01-22,2016-01-01
1116,973,429,6,2016-01-23,2016-01-01
1117,-1,0,7,2016-01-24,2016-01-01
1118,974,3637,1,2016-01-25,2016-01-01
1119,975,3865,2,2016-01-26,2016-01-01
1120,976,3499,3,2016-01-27,2016-01-01
1121,977,2374,4,2016-01-28,2016-01-01
1122,978,3880,5,2016-01-29,2016-01-01
1123,979,755,6,2016-01-30,2016-01-01
1124,-1,0,7,2016-01-31,2016-01-01
1125,980,5594,1,2016-02-01,2016-02-01
1126,981,5592,2,2016-02-02,2016-02-01
1127,982,4690,3,2016-02-03,2016-02-01
1128,983,4243,4,2016-02-04,2016-02-01
1129,984,4763,5,2016-02-05,2016-02-01
1130,985,1564,6,2016-02-06,2016-02-01
1131,-1,0,7,2016-02-07,2016-02-01
1132,-1,0,1,2016-02-08,2016-02-01
1133,-1,0,2,2016-02-09,2016-02-01
1134,-1,0,3,2016-02-10,2016-02-01
1135,986,24,4,2016-02-11,2016-02-01
1136,-1,0,5,2016-02-12,2016-02-01
1137,-1,0,6,2016-02-13,2016-02-01
1138,987,3664,7,2016-02-14,2016-02-01
1139,988,3610,1,2016-02-15,2016-02-01
1140,989,5537,2,2016-02-16,2016-02-01
1141,990,3369,3,2016-02-17,2016-02-01
1142,991,3054,4,2016-02-18,2016-02-01
1143,992,2735,5,2016-02-19,2016-02-01
1144,993,780,6,2016-02-20,2016-02-01
1145,-1,0,7,2016-02-21,2016-02-01
1146,994,3037,1,2016-02-22,2016-02-01
1147,995,3315,2,2016-02-23,2016-02-01
1148,996,2221,3,2016-02-24,2016-02-01
1149,997,1541,4,2016-02-25,2016-02-01
1150,998,1883,5,2016-02-26,2016-02-01
1151,999,564,6,2016-02-27,2016-02-01
1152,-1,0,7,2016-02-28,2016-02-01
1153,1000,2525,1,2016-02-29,2016-02-01
1154,1001,2627,2,2016-03-01,2016-03-01
1155,1002,2374,3,2016-03-02,2016-03-01
1156,1003,1618,4,2016-03-03,2016-03-01
1157,1004,2259,5,2016-03-04,2016-03-01
1158,1005,426,6,2016-03-05,2016-03-01
1159,-1,0,7,2016-03-06,2016-03-01
1160,1006,2203,1,2016-03-07,2016-03-01
1161,1007,2344,2,2016-03-08,2016-03-01
1162,1008,2392,3,2016-03-09,2016-03-01
1163,1009,1870,4,2016-03-10,2016-03-01
1164,1010,1772,5,2016-03-11,2016-03-01
1165,1011,610,6,2016-03-12,2016-03-01
1166,-1,0,7,2016-03-13,2016-03-01
1167,1012,2437,1,2016-03-14,2016-03-01
1168,1013,2326,2,2016-03-15,2016-03-01
1169,1014,1954,3,2016-03-16,2016-03-01
1170,1015,1569,4,2016-03-17,2016-03-01
1171,1016,1777,5,2016-03-18,2016-03-01
1172,1017,442,6,2016-03-19,2016-03-01
1173,-1,0,7,2016-03-20,2016-03-01
1174,1018,2476,1,2016-03-21,2016-03-01
1175,1019,1934,2,2016-03-22,2016-03-01
1176,1020,2048,3,2016-03-23,2016-03-01
1177,1021,1586,4,2016-03-24,2016-03-01
1178,1022,2268,5,2016-03-25,2016-03-01
1179,1023,506,6,2016-03-26,2016-03-01
1180,-1,0,7,2016-03-27,2016-03-01
1181,1024,3439,1,2016-03-28,2016-03-01
1182,1025,3208,2,2016-03-29,2016-03-01
1183,1026,2277,3,2016-03-30,2016-03-01
1184,1027,2144,4,2016-03-31,2016-03-01
